Unnamed: 0,0,1,2,3,4,5,6,7,8,9,10,11,12,13,14,15,16,17,18
0,temple_97.jpg,temple_97.jpg,temple_1.jpg,temple_75.jpg,temple_85.jpg,temple_73.jpg,temple_34.jpg,temple_83.jpg,temple_80.jpg,temple_74.jpg,temple_3.jpg,temple_25.jpg,temple_47.jpg,temple_51.jpg,temple_12.jpg,temple_41.jpg,temple_19.jpg,temple_26.jpg,temple_71.jpg
0,upload/2020-07-05-17-59-48.jpg,beach_4.jpg,beach_92.jpg,beach_76.jpg,beach_5.jpg,beach_64.jpg,beach_40.jpg,beach_99.jpg,beach_98.jpg,beach_89.jpg,beach_103.jpg,beach_74.jpg,beach_93.jpg,beach_21.jpg,beach_43.jpg,beach_39.jpg,beach_69.jpg,beach_62.jpg,beach_25.jpg
0,upload/2020-07-05-17-59-58.jpg,skyscraper_4.jpg,skyscraper_8.jpg,skyscraper_66.jpg,skyscraper_79.jpg,skyscraper_41.jpg,skyscraper_71.jpg,skyscraper_32.jpg,skyscraper_78.jpg,skyscraper_11.jpg,skyscraper_1.jpg,skyscraper_34.jpg,skyscraper_58.jpg,skyscraper_55.jpg,skyscraper_19.jpg,skyscraper_81.jpg,skyscraper_76.jpg,skyscraper_100.jpg,skyscraper_92.jpg
0,upload/2020-07-05-18-00-04.jpg,skyscraper_11.jpg,skyscraper_89.jpg,skyscraper_88.jpg,skyscraper_70.jpg,skyscraper_81.jpg,skyscraper_94.jpg,skyscraper_66.jpg,skyscraper_71.jpg,skyscraper_86.jpg,skyscraper_64.jpg,skyscraper_61.jpg,skyscraper_31.jpg,skyscraper_39.jpg,skyscraper_76.jpg,skyscraper_29.jpg,skyscraper_45.jpg,skyscraper_49.jpg,skyscraper_20.jpg
0,upload/2020-07-05-18-00-13.jpg,beach_5.jpg,beach_93.jpg,beach_16.jpg,beach_32.jpg,beach_31.jpg,beach_0.jpg,beach_1.jpg,beach_40.jpg,beach_76.jpg,beach_39.jpg,beach_21.jpg,beach_38.jpg,beach_53.jpg,beach_62.jpg,beach_100.jpg,beach_45.jpg,beach_99.jpg,beach_25.jpg
0,upload/2020-07-06-02-06-05.jpg,beach_6.jpg,beach_2.jpg,beach_85.jpg,beach_57.jpg,beach_48.jpg,beach_8.jpg,beach_103.jpg,beach_13.jpg,beach_53.jpg,beach_7.jpg,beach_66.jpg,beach_75.jpg,beach_24.jpg,beach_21.jpg,beach_15.jpg,beach_35.jpg,beach_14.jpg,beach_1.jpg
0,upload/2020-07-06-02-06-17.jpg,skyscraper_12.jpg,skyscraper_26.jpg,skyscraper_64.jpg,skyscraper_2.jpg,skyscraper_23.jpg,skyscraper_65.jpg,skyscraper_97.jpg,skyscraper_3.jpg,skyscraper_91.jpg,skyscraper_34.jpg,skyscraper_46.jpg,skyscraper_63.jpg,skyscraper_45.jpg,skyscraper_86.jpg,skyscraper_67.jpg,skyscraper_101.jpg,skyscraper_96.jpg,skyscraper_36.jpg
0,upload/2020-07-06-02-06-23.jpg,skyscraper_38.jpg,skyscraper_39.jpg,skyscraper_70.jpg,skyscraper_31.jpg,skyscraper_13.jpg,skyscraper_94.jpg,skyscraper_69.jpg,skyscraper_35.jpg,skyscraper_11.jpg,skyscraper_20.jpg,skyscraper_53.jpg,skyscraper_86.jpg,skyscraper_23.jpg,skyscraper_37.jpg,skyscraper_64.jpg,skyscraper_82.jpg,skyscraper_44.jpg,skyscraper_51.jpg
0,upload/2020-07-06-02-06-37.jpg,skyscraper_42.jpg,skyscraper_40.jpg,skyscraper_8.jpg,skyscraper_81.jpg,skyscraper_92.jpg,skyscraper_19.jpg,skyscraper_58.jpg,skyscraper_66.jpg,skyscraper_77.jpg,skyscraper_88.jpg,skyscraper_61.jpg,skyscraper_29.jpg,skyscraper_36.jpg,skyscraper_11.jpg,skyscraper_60.jpg,skyscraper_76.jpg,skyscraper_68.jpg,skyscraper_64.jpg
0,upload/2020-07-06-02-06-51.jpg,terraces_1.jpg,terraces_61.jpg,terraces_16.jpg,terraces_19.jpg,terraces_25.jpg,terraces_40.jpg,terraces_30.jpg,terraces_64.jpg,terraces_68.jpg,terraces_54.jpg,terraces_62.jpg,terraces_83.jpg,terraces_80.jpg,terraces_78.jpg,terraces_22.jpg,terraces_55.jpg,terraces_89.jpg,terraces_35.jpg
0,upload/2020-07-06-03-00-19.jpg,terraces_6.jpg,terraces_79.jpg,terraces_87.jpg,terraces_31.jpg,terraces_26.jpg,terraces_64.jpg,terraces_21.jpg,terraces_61.jpg,terraces_62.jpg,terraces_5.jpg,terraces_47.jpg,terraces_13.jpg,terraces_19.jpg,terraces_35.jpg,terraces_20.jpg,terraces_80.jpg,terraces_92.jpg,terraces_56.jpg
0,upload/2020-07-06-03-12-47.jpg,beach_33.jpg,beach_34.jpg,beach_47.jpg,beach_61.jpg,beach_97.jpg,beach_84.jpg,beach_68.jpg,beach_63.jpg,beach_79.jpg,beach_29.jpg,beach_58.jpg,beach_65.jpg,beach_20.jpg,beach_56.jpg,beach_73.jpg,beach_52.jpg,beach_30.jpg,beach_26.jpg
